{"cameraMode":{"drawMode":0,"name":"Shaded","section":"Shading Mode"},"sceneLighting":true,"audioPlay":false,"sceneViewState":{"m_AlwaysRefresh":false,"showFog":true,"showSkybox":true,"showFlares":true,"showImageEffects":true,"showParticleSystems":true,"showVisualEffectGraphs":true,"m_FxEnabled":true},"in2DMode":false,"pivot":{"x":10.04131031036377,"y":0.7629152536392212,"z":0.5768015384674072},"rotation":{"x":0.09585164487361908,"y":-0.004478528629988432,"z":0.00043126841774210334,"w":0.9953849911689758},"size":5.428885459899902,"orthographic":false}